title,imdb_id,original_title,budget,revenue,runtime,popularity,overview,year,rated,awards,metascore,imdb_rating,imdb_votes,rotten_rating
Raw Nerve,tt0102761,Raw Nerve,,,91.0,1.327,A race car driver has visions of the victims of a serial killer before their demise and tries to get a skeptic police detective and an ambitious reporter to help him find the killer.,1991,R,,,4.0,297,
Raw Justice,tt0110948,Raw Justice,,,95.0,8.814,"The mayor of a small town hires a bounty hunter to find his daughter's killer, but it turns out to be a very dangerous job.",1994,R,1 win,,4.1,1343,
The Baby,tt0069754,The Baby,,,84.0,3.131,"A social worker who recently lost her husband investigates the strange Wadsworth family. The Wadsworths might not seem too unusual to hear about them at first - consisting of the mother, two grown daughters and the diaper-clad, bottle-sucking baby. The problem is, the baby is twenty-one years old.",1973,PG,,,6.1,3694,93.0
Don't Go in the House,tt0080646,Don't Go in the House,250000.0,,82.0,5.869,"As a child, Donald was tormented by his mother who used fire as a punishment. Now a deranged adult, Donald stalks women at clubs, then takes them home where he kills them with a flamethrower.",1979,R,,,5.6,4560,50.0
Conquest,tt0085356,Conquest,,,88.0,5.88,"A young man, armed with a magical bow and arrows, embarks on a mystical journey through a mystical land to rid it of all evil and joins forces with an outlaw to take down an evil witch bent on claiming the magic bow for evil.",1983,R,,,5.2,2447,
Warlords of the 21st Century,tt0084887,Warlords of the 21st Century,1000000.0,3000000.0,91.0,3.328,"It's the 21st century, the Oil Wars have made a mess of the planet and the land outside major cities is lawless. After Hunter comes to the aid of Corlie, who has run away from the villainous Straker, he takes her to the peaceful community of Clearwater. Unfortunately for the citizens of Clearwater, Straker fully intends to get Corlie back.",1982,PG,2 wins & 1 nomination,,5.0,1374,
The Ninja Squad,tt0199845,The Ninja Squad,,,85.0,1.4,"The Ninja empire is at stake as the supreme Ninja master and his disciple confront Ivan the Red, a power-hungry Ninja. When the police fail to help, the young disciple must reveal his amazing fighting ability to save his sister and avenge his mother's murder. The master must face Ivan the Red in a final gruelling duel to determine the fate of the Ninja Empire.",1986,,,,3.5,293,
Ultimax Force,tt0092127,Ultimax Force,,,90.0,0.6,"The ULTIMAX FORCE, an elite group of Commandos, a force combining the skills of a Ninja warrior with U.S. Commando training, penetrate deep into Vietnamese territory. Their mission - to liberate a POW camp run by a sadistic colonel, who has mercilessly slaughtered his prisoners in a display of rabid madness and butchery; a challenge which, for them, is the ULTIMATE MAXIMUM.",1987,,,,5.4,88,
Punk Vacation,tt0376098,Punk Vacation,,,94.0,1.649,"A peaceful California town is shaken after the brutal murder of diner owner by a gang of vicious punks. When the daughter of the slain man attempts to avenge her father’s death, she’s held hostage by the gang resulting in an epic battle between punks and rednecks.",1990,Not Rated,,,3.7,313,
Suburbia,tt0086589,Suburbia,,,94.0,4.294,"When household tensions and a sense of worthlessness overcome Evan, he finds escape when he clings with the orphans of a throw-away society. The runaways hold on to each other like a family until a tragedy tears them apart.",1983,R,1 win,73.0,6.9,5319,93.0
An American Hippie in Israel,tt1388371,Ha-Trempist,,,95.0,0.753,"Incited by a disillusioned young man who has decided to flee from civilization, a group of 4 people go searching for freedom and happiness on an isolated island . When their boat goes astray and they are left without food, their animal instincts take over, bringing the film to its catastrophic end.",1972,R,,,4.8,650,
Blood Beach,tt0082083,Blood Beach,2000000.0,,92.0,5.082,"Something or someone is attacking people one by one on the beach. Some of them are mutilated, but most of them are sucked into the sand, disappearing without a trace. What is the creature responsible? Where does it live, and where did it come from? And is there any chance of it reproducing? Meanwhile, David Huffman and Mariana Hill are once-almost-married old friends, reunited over the death of her mother on the beach, and searching for clues in the abandoned buildings where they used to play when they were young.",1980,R,,,4.5,2565,13.0
The Hunters of the Golden Cobra,tt0084104,I cacciatori del cobra d'oro,,,95.0,0.949,"An American soldier and a British intelligence agent try to track down an ancient relic called the Golden Cobra, rumored to have supernatural powers. An early Raiders rip-off directed Antonio Margheriti.",1982,TV-PG,,,5.0,354,
Intent to Kill,tt0107222,Intent to Kill,,,99.0,1.508,A young policewoman relentlessly tries to bring down a ruthless drug kingpin whom plots his own agenda for his drug distribution empire.,1992,NC-17,,,4.6,303,
Maniac Cop,tt0095583,Maniac Cop,1100000.0,,85.0,9.169,"In New York, people are slain and strangled to death brutally on the open street. All witnesses agree that the murderer was in a cop's uniform. Soon the police search and find a suspect in its own ranks: Jack Forrest, suspected of murdering his own wife and the rest of the unfortunate individuals to die by the Maniac Cop’s reign of terror. To prove his innocence, he investigates the case with his partner, Theresa Mallory.",1988,R,,40.0,6.0,17264,53.0
Hard Ticket to Hawaii,tt0093146,Hard Ticket to Hawaii,,,96.0,7.86,"A Molokai-based civilian pilot and an undercover DEA agent intercept a delivery of diamonds intended for druglord Seth Romero. Seth, his henchmen, and other island undesirables launch a full-scale assault on the duo. If they're going to survive, they'll need the help of agent Rowdy Abilene and his partner/kickboxing expert Jade.",1987,R,,,4.9,4541,25.0
Warlock,tt0098622,Warlock,7000000.0,9094451.0,103.0,6.918,"In 17th century New England, witch hunter Giles Redferne captures an evil warlock, but the conjurer eludes death with supernatural help. Flung into the future, the warlock winds up in the 1980s and plans to bring about the end of the world. Redferne follows the enchanter into the modern era and continues his mission, but runs into trouble in such unfamiliar surroundings. With the help of a young woman, can Redferne finally defeat the warlock?",1989,R,1 win & 8 nominations,44.0,6.2,17035,53.0
Maximum Overdrive,tt0091499,Maximum Overdrive,10000000.0,7433663.0,97.0,20.42,"When a comet passes close to the earth, machines all over the world come alive and go on homicidal rampages. A group of people at a desolate truck stop are held hostage by a gang of homicidal 18-wheelers. The frightened people set out to defeat the killer machines ... or be killed by them.",1986,R,4 nominations,24.0,5.4,32618,15.0
Nekromantik,tt0093608,Nekromantik,,,71.0,9.072,"A street sweeper who cleans up after grisly accidents brings home a full corpse for him and his wife to enjoy sexually, but is dismayed to see that his wife prefers the corpse over him.",1988,Not Rated,,,4.9,9476,50.0
Manos: The Hands of Fate,tt0060666,Manos: The Hands of Fate,19000.0,,70.0,7.682,"A family gets lost on the road and stumbles upon a hidden, underground, devil-worshiping cult led by the fearsome Master and his servant Torgo.",1966,Not Rated,,,1.6,36321,0.0
Superman IV: The Quest for Peace,tt0094074,Superman IV: The Quest for Peace,17000000.0,19300000.0,90.0,25.238,"With global superpowers engaged in an increasingly hostile arms race, Superman leads a crusade to rid the world of nuclear weapons. But Lex Luthor, recently sprung from jail, is declaring war on the Man of Steel and his quest to save the planet. Using a strand of Superman's hair, Luthor synthesizes a powerful ally known as Nuclear Man and ignites an epic battle spanning Earth and space.",1987,PG,2 wins & 6 nominations,24.0,3.7,48641,10.0
Flash Gordon,tt0080745,Flash Gordon,35000000.0,27107960.0,111.0,18.512,A football player and his mates travel to the planet Mongo and find themselves fighting the tyranny of Ming the Merciless to save Earth.,1980,PG,Nominated for 3 BAFTA 2 wins & 12 nominations total,58.0,6.5,56361,84.0
Surf Nazis Must Die,tt0094077,Surf Nazis Must Die,,,83.0,6.966,"When the grandson of a gun wielding woman is murdered by neo-nazi surf punks in the post-apocalyptic future, this grandma hunts them down for some bloodthirsty revenge.",1987,R,,28.0,3.7,5701,17.0
Evil,tt0813129,Το Κακό,,,83.0,0.877,An evil force is awakened in downtown Athens transforming the unsuspecting citizens into raving zombies. The few survivors will have to fight hard for their lives. To the death.,2005,R,,,5.4,1809,
Zardoz,tt0070948,Zardoz,,,105.0,10.892,"In the far future, a savage trained only to kill finds a way into the community of bored immortals that alone preserves humanity's achievements.",1974,R,Nominated for 1 BAFTA Award2 nominations total,46.0,5.8,22596,47.0
Dark Angel,tt0099817,Dark Angel,7000000.0,9229401.0,91.0,12.632,"Jack Caine is a Houston vice cop who's forgotten the rule book. His self-appointed mission is to stop the drugs trade and the number one supplier Victor Manning. Whilst involved in an undercover operation to entrap Victor Manning, his partner gets killed, and a sinister newcomer enters the scene...",1990,R,,,6.1,12360,33.0
The Girl in Room 2A,tt0075814,La casa della paura,,,90.0,1.69,"A sadistic killer cult kidnaps and sacrifices beautiful women. A young girl, just paroled from prison, moves into a strange house and appears to be the cult's next victim.",1974,R,,,5.4,647,
TC 2000,tt0108277,TC 2000,,,95.0,4.46,"Somewhere in the future the environmental overkill had come. Many people had died. The rich were able to build the underworld, the poor had to stay on the surface building gangs to survive. Jason Storm, an underworld guard gets knowledge of a conspiracy to kill all people on the surface. He needs to flee to the surface, and wins Sumai, a respected martial arts master, as his ally to stop the dirty plot.",1993,R,,,4.4,1300,
Interzone,tt0093268,Interzone,,,97.0,3.48,Humans fight mutants in a post-holocaust world.,1989,R,,,3.8,403,
Zaat,tt0072666,Zaat,,,100.0,1.859,"A mad scientist unleashes his master plan: to transform himself into a mutated walking catfish, and gain revenge on those who have spurned him. His plans go wrong, and he becomes tempted to kidnap a nubile young woman to similarly transform her so that he can breed.",1971,PG,,,2.1,5124,
American Ninja,tt0088708,American Ninja,1000000.0,10499694.0,95.0,12.952,"Joe Armstrong, an orphaned drifter with little respect for much other than martial arts, finds himself on an American Army base in The Philippines after a judge gives him a choice of enlistment or prison. On one of his first missions driving a convoy, his platoon is attacked by a group of rebels who try to steal the weapons the platoon is transporting and kidnap the base colonel's daughter.",1985,R,,20.0,5.4,15243,0.0
Krull,tt0085811,Krull,27000000.0,16519460.0,117.0,12.128,A prince and a fellowship of companions set out to rescue his bride from a fortress of alien invaders who have arrived on their home planet.,1983,PG,1 win & 5 nominations,45.0,6.1,33372,
The Beastmaster,tt0083630,The Beastmaster,8000000.0,14056528.0,118.0,11.288,"Dar, is the son of a king, who is hunted by a priest after his birth and grows up in another family. When he becomes a grown man his new father is murdered by savages and he discovers that he has the ability to communicate with the animals, which leads him on his quest for revenge against his father's killers.",1982,PG,1 win & 2 nominations,18.0,6.2,23253,50.0
Raiders of the Living Dead,tt0138050,Raiders of the Living Dead,,,86.0,1.083,"In an abandoned prison, a doctor has revived executed convicts as the living dead. Teenager, Jonathan creates a laser gun from a videodisc player and pursues the walking dead, aided by his girlfriend and grandfather. Also tracking down the zombies is a tabloid reporter.",1986,PG-13,,,2.6,542,
3:15,tt0090564,3:15,,,86.0,3.268,Violent crime is routine. Organized drug trade runs rampant in the face of powerless authority. And a vicious street gang holds dominion with a savage reign of terror. Welcome to Lincoln High! Here the cobras rule the school and everyone in it. Everyone except for Jeff Hanna.,1986,R,,,5.6,714,
The Vengeance of the Winged Serpent,tt0088344,La Vengeance du serpent à plumes,,,104.0,5.688,An international intrigue with terrorists threatening to blow up the presidents of the most powerful countries.,1984,,,,4.7,770,
Karate Warrior 6,tt0253526,Il ragazzo dal kimono d'oro 6,,,78.0,2.201,"The danger of any movie series that spans several sequels is that you've got a lot of backstory to catch people up on who might not have seen or remembered what happened in the previous outings. For instance, what happened in the first five Karate Warrior movies? This dude acquired a super powered punch that allowed him to beat up a cow. What now? Clearly, we have a lot of catching up to do with Karate Warrior Anthony!",1993,,,,2.3,70,
Savage Streets,tt0088044,Savage Streets,,,92.0,6.361,A teenage vigilante seeks revenge on a group of violent thugs who raped her handicapped sister and murdered her best friend.,1984,R,1 win.,,6.2,5011,
Amsterdamned,tt0094651,Amsterdamned,98003.0,,105.0,6.474,"A mysterious diver hiding in Amsterdam's canal system embarks on a rampage of gruesome murders, terrifying city officials and leaving few clues for the city's best detective, who doesn't suspect that both his new girlfriend and twelve-year-old daughter may be closer than he is to finding the killer.",1988,R,1 nomination,,6.6,8317,
Fatal Deviation,tt0488046,Fatal Deviation,,,77.0,1.96,"A young kenpo karate martial artist returns home after ten years in reform school on a quest to find out who murdered his father. He is befriended by an old monk and a local Irish beauty. His search takes him to the prestigious Bealtaine Martial Arts Tournament. Together with his past, the good guy is drawn into conflict with the local drug baron and his son, and the conflict makes the young man face his father's death in a way he could never have imagined.",1998,,,,5.1,433,
The Black Gestapo,tt0169620,The Black Gestapo,,,88.0,1.995,"General Ahmed has started an inner-city People's Army to try and relieve the misery of the citizens of Watts. When the locals are put under increasing pressure by Mafia thugs, Ahmed's second-in-command Colonel Kojah asks for permission to start a protection squad to take more direct action. Ahmed fears this protection squad will just turn into a vigilante mob, and his prediction soon proves correct. Will Ahmed be able to wrest control back from the power-mad Kojah, or will he be the mob's next victim?",1975,R,,,4.7,1201,
SS Experiment Love Camp,tt0074768,Lager SSadis Kastrat Kommandantur,,,94.0,4.011,"Near the end of WW2, prisoners of war are used in experiments to perfect the Arian race.",1976,Not Rated,,,3.5,1318,
Ilsa: She Wolf of the SS,tt0071650,Ilsa: She Wolf of the SS,,,96.0,10.212,Ilsa is a warden at a Nazi death camp that conducts experiments on prisoners. Ilsa's goal is to prove that woman can withstand more pain and suffering than men and should be allowed to fight on the front lines.,1975,R,1 win,,5.1,7675,36.0
"Yor, the Hunter from the Future",tt0084935,Il mondo di Yor,,,98.0,3.902,"In prehistoric times, the muscular Yor saves his cave-babe from a dinosaur just before they get zapped into the future to battle bad guys in the familiar desolate wasteland.",1983,PG,3 nominations,,4.3,3232,17.0
Savage Justice,tt0096040,Savage Justice,,,83.0,0.726,The daughter of an American diplomat is caught up in a revolution in a foreign country.,1988,,,,4.5,98,
The Last American Soldier,tt0166145,Commander,,,99.0,4.833,Jungle action from the glorious period of Rambo ripoffs.,1988,TV-PG,,,5.4,146,
Nightstick,tt0093631,Nightstick,,,95.0,0.731,A cop tries to prevent a gang of extortionists from blowing up New York City with nitroglycerin.,1987,R,,,5.0,91,
Captain America,tt0103923,Captain America,3000000.0,,97.0,18.832,"During World War II, a brave, patriotic American Soldier undergoes experiments to become a new supersoldier, ""Captain America"". Racing to Germany to sabotage the rockets of Nazi baddie ""Red Skull"", Captain America winds up frozen until the 1990s. He reawakens to find that the Red Skull has changed identities and is now planning to kidnap the President of the United States.",1990,PG-13,,,3.3,14036,13.0
Stone Cold,tt0102984,Stone Cold,,,92.0,8.965,"Joe Huff (Brian Bosworth) is a tough, loner cop with a flair for infiltrating dangerous biker gangs. The FBI blackmail Joe into an undercover operation that entails infiltrating ""The Brotherhood"" - a powerful Mississippi biker gang linked in the murder of government officials as well as dealing drugs with the mafia.",1991,R,1 nomination,42.0,6.0,8743,33.0
Programmed to Kill,tt0093790,Programmed to Kill,,,91.0,2.556,"International terrorist leader, Fatima, is critically injured when she attempts to hijack a jumbo jet and is thwarted by Eric Matthews and his anti-terrorist organization, The Retaliators. Fatima is taken to a top-secret research institute, where she is turned into a lethal cyborg and programmed to hunt down the members of her own terrorist group. In the heat of battle, her computerized brain malfunctions, and she turns her lethal vengeance on the Retaliators. Now Eric Matthews and his team must match human cunning against deadly technology.",1987,R,,,3.7,456,
R.O.T.O.R.,tt0098156,R.O.T.O.R.,,,90.0,7.552,Robotic Officer Tactical Operation Research. A prototype robot intended for crime combat escapes from the development lab and goes on a killing rampage.,1987,Not Rated,,,2.6,3475,
Killer Workout,tt0091339,Killer Workout,,,84.0,6.232,"Two years ago, a young woman named Valerie was burned after entering a tanning salon. Now, Rhonda runs a local gym where all of a sudden, people are being murdered.",1987,R,,,4.7,2249,
The Russian Ninja,tt0100531,The Russian Ninja,,,87.0,1.4,An ex-mercenary is enlisted back into the life to rescue the boyfriend of the daughter of a powerful mogul.,1989,R,,,2.8,445,
New Year's Evil,tt0082806,New Year's Evil,,,86.0,4.893,"During a New Year's Eve celebration, a punk-rock singer gets a phone call saying that when New Year's strikes in each time zone, someone will be murdered--and she will be the last one.",1980,R,,33.0,4.8,3141,14.0
The Star Wars Holiday Special,tt0193524,The Star Wars Holiday Special,,,97.0,17.367,"Luke Skywalker and Han Solo battle evil Imperial forces to help Chewbacca reach his imperiled family on the Wookiee planet - in time for Life Day, their most important day of the year!",1978,TV-PG,,,2.2,15321,27.0
Christmas Evil,tt0081793,Christmas Evil,750000.0,,100.0,5.32,"A toy factory worker, mentally scarred as a child upon learning Santa Claus is not real, suffers a nervous breakdown after being belittled at work, and embarks on a Yuletide killing spree.",1980,R,,,5.5,7252,75.0
Little Hercules,tt0489210,Little Hercules,,513722.0,90.0,2.892,Little Hercules travels from Mt. Olympus to live life as a mortal in Los Angeles.,2009,PG,,,2.1,560,
Death Wish 3,tt0089003,Death Wish 3,9000000.0,16116878.0,92.0,13.848,Architect/vigilante Paul Kersey arrives back in New York City and is forcibly recruited by a crooked police chief to fight street crime caused by a large gang terrorizing the neighborhoods.,1985,R,,18.0,5.8,15648,11.0
Chopping Mall,tt0090837,Chopping Mall,800000.0,,77.0,9.202,"A group of teenagers that work at the mall all get together for a late night party in one of the stores. When the mall goes on lock down before they can get out, the robot security system activates after a malfunction and goes on a killing spree. One by one the three bots try to rid the mall of the “intruders.” The only weapons the kids can use are the supplies in other stores, or if they can make it till morning when the mall opens back up.",1986,R,,22.0,5.6,14561,50.0
Savage Beach,tt0098257,Savage Beach,,,92.0,6.864,"Donna and Taryn are federal drug enforcement agents based in the Hawaiian isles. Upon the success of a drug bust, they receive a call from Shane Aviation to fly an emergency package of vaccine from Molokai to Knox Island. Unbeknownst to them, Philippine representative Martinez has convinced Captain Andreas to use a reconnaissance satellite to locate a sunken ship laden with gold that the Japanese had pilfered during World War II. Meanwhile, a storm forces Donna and Taryn to land their plane on a remote island which harbors the gold. The hijinks ensue when they are joined by a host of nefarious types who have learned of the gold’s location.",1989,R,,,4.3,1553,
Mad Foxes,tt0083291,Los violadores,,161362.0,77.0,3.629,A man seeks revenge after a biker gang murders his family.,1981,Not Rated,,,5.2,850,
Gymkata,tt0089243,Gymkata,8500000.0,5730596.0,90.0,5.746,U.S. agents send a gymnastic martial artist to secure a missile-base site in the savage country of Parmistan.,1985,R,1 nomination,51.0,4.3,4150,17.0
Galaxy of Terror,tt0082431,Galaxy of Terror,700000.0,,81.0,6.346,"As a lone spaceship proceeds on its long voyage across space, the crew are surprised to encounter a strange pyramid form. Surprise turns to horror as one by one, they discover that their darkest nightmares are all starting to become real. The pyramid has to be behind it all somehow, but how can they save themselves from its influence?",1981,R,1 nomination,38.0,5.0,7824,31.0
Mac and Me,tt0095560,Mac and Me,,5935269.0,95.0,11.84,"A Mysterious Alien Creature (MAC) escaping from nefarious NASA agents, is befriended by a young boy in a wheelchair. Together, they try to find MAC's family from whom he has been separated.",1988,PG,2 wins & 6 nominations,26.0,3.3,14494,7.0
Sakura Killers,tt0093910,Sakura Killers,,,86.0,2.019,Chuck Connors stars in this routine martial arts feature as the Colonel. He sends agents Sonny (Mike Kelly) and Dennis (George Nichols) to Taiwan in search of microfilm containing experiments on genetic engineering. The agents soon find themselves up against Japanese killers known as the Sakura who plan to sell United States secrets to the Soviet Union. Sonny and Dennis train with a martial arts master in order to fight the enemy and obtain the coveted microfilm.,1987,,,,4.1,381,
The Punisher,tt0098141,The Punisher,9000000.0,,89.0,22.704,"The avenging angel of Marvel Comics fame comes brilliantly to life in this searing action-adventure thriller! Dolph Lundgren stars as Frank Castle, a veteran cop who loses his entire family to a mafia car bomb. His ex-partner believes Castle survived the blast and became the Punisher, living in the sewers and exacting vigilante violence against mob bosses throughout the city. When the populace is caught in the midst of a gang war that he caused, Castle must again emerge from the shadows and save the innocent.",1989,R,,63.0,5.6,23745,24.0
Battle Beyond the Stars,tt0080421,Battle Beyond the Stars,2000000.0,11000000.0,104.0,10.271,A young farmer assembles a band of diverse mercenaries to defend his peaceful planet from an evil tyrant.,1980,PG,1 win & 4 nominations,59.0,5.5,9193,50.0
The Night Stalker,tt0093621,The Night Stalker,,,93.0,1.196,A tough homicide cop is assigned to track down a serial killer who is murdering prostitutes.,1986,R,,,5.0,259,
Double Dragon,tt0106761,Double Dragon,3500000.0,2341309.0,89.0,11.577,"Two brothers have half of a powerful ancient Chinese talisman. An evil gang leader has the other half, and determines to get the brothers' half and have a complete medallion so he can gain absolute power.",1994,PG-13,,,3.8,13342,12.0
Shock 'Em Dead,tt0102910,Shock 'Em Dead,250000.0,,93.0,2.786,"Martin is a total loser, who nobody cares for. When he fails to get a position as guitar player in Lindsay's band and loses his job on the way, he makes a deal with a Voodoo priestess. She promises him the fulfillment of all his dreams if he swears obedience to her. He becomes a rock star and has many women - but to stay alive, he has to kill other people.",1991,R,,,4.9,1100,
Undefeatable,tt0111552,摧花狂魔,,,90.0,5.207,"The film follows Kristi Jones (Cynthia Rothrock) who, along with her gang, take part in Mafia-run street fights to earn money for her sister's college education. Kristi's sister hopes to become a doctor and pay for Kristi's education.",1993,R,,,4.2,2217,
W Is War,tt0220843,W,,,93.0,0.676,Filipino director Willy Milan's first entry into the Maxsploitation sub-sub-genre.,1983,,,,4.9,118,
For Y'ur Height Only,tt0200642,For Y'ur Height Only,,,87.0,1.862,"Mr. Giant has kidnapped the brilliant Dr. Van Kohler and is planning to use the Doctor's invention, the N-bomb, to hold the world hostage. The only one who can foil Mr. Giant's evil scheme is Agent 00, a 3-foot-tall filipino martial arts master, expert marksman, top-class romancer and all-around superspy. Can Agent 00 rescue Dr. Kohler before it's too late?",1981,,,,5.6,1077,
Ninja Silent Assassin,tt0199865,Ninja Silent Assassin,,,90.0,0.74,"When police officer Alvin loses both his star witness and his wife to drug kingpin (and ninja assassin) Rudolph, he vows to get revenge. Travelling to Hong Kong, hot on Rudolph's trail, he teams up with local investigators Gordon, Vivian and Jackie. Meanwhile, a young street punk named Edmund is hunting for the man who killed his father. Could they all possibly be searching for the same person?",1987,,,,4.0,226,
Samurai Cop,tt0130236,Samurai Cop,,,96.0,6.956,"When Japanese organized crime imbeds itself within LA, the police turn to one man to take down the deadly Yakuza — Joe Marshall, aka ""The Samurai."" With his fearless swagger and rock hard jaw, The Samurai tears a two-fisted hole through the mob and doesn't stop until the job is done.",1991,Unrated,,,4.5,8703,
Double Trouble,tt0061595,Double Trouble,,1600000.0,91.0,7.452,"When singer Guy Lambert goes on tour in Europe, he is pursued by two beautiful women, bumbling jewel thieves, and a mysterious killer.",1967,Not Rated,,,5.1,1560,
Rappin',tt0089883,Rappin',,,92.0,1.755,An ex-con and break-dancer helps save a neighborhood from a greedy developer while trying to win a rap contest.,1985,PG,,,4.2,526,
The Perfect Weapon,tt0102655,The Perfect Weapon,10000000.0,14061361.0,87.0,6.043,"Jeff, a young delinquent, is enrolled by his father in a kenpo school, in the hopes of teaching the boy some self-discipline. Years later, Jeff's mentor, Kim, is being threatened by one of the Korean mafia families. Jeff tries to help his old friend, but is too late to prevent Kim's death at the hands of an unknown hitman. Vowing revenge, Jeff takes on all of the families, using his martial arts skills to find the man who killed his friend.",1991,R,,35.0,5.9,4409,42.0
Deadly Prey,tt0092848,Deadly Prey,,,88.0,6.842,"A group of sadistic mercenaries led by Col. John Hogan kidnap Michael Danton from his home, and set him loose on the grounds of their secret camp to be used as training for new recruits. Danton has been called the ""most perfect killer ever."" Now, he'll have to prove it again. This prey has become DEADLY!",1987,R,,,5.1,3081,
The Rage,tt0117433,The Rage,,,93.0,1.361,FBI Special Agent Travis is trying to catch a deranged serial killer and is doing his best despite having a new and unexperienced partner in the form of Kelly McCord. It turns out that the serial killer is an entire army of disgruntled CIA mercenaries from Vietnam.,1997,R,,,4.4,572,
Warbirds,tt0096417,Warbirds,,,,0.71,"A covert military airstrike against rebels in the tiny Mideastern nation of El Alahaim goes wrong, leaving one pilot dead and another in enemy hands. A second, more dangerous mission is planned to rescue the captive pilot.",1989,R,,,3.2,85,
Starcrash,tt0079946,Starcrash,,,94.0,8.478,"A pair of smugglers manage to pick up a castaway while running from the authorities, who turns out to be the only survivor from a secret mission to destroy a mysterious superweapon designed by the evil Count Zartharn. The smugglers are soon recruited by the Emperor to complete the mission, as well as to rescue the Emperor's son, who has gone missing.",1978,PG,1 nomination,,4.0,7203,29.0
Arena,tt0101366,Arena,,,94.0,5.24,"An intergalactic fighting competition between champions of various worlds has traditionally been won by a species much larger and stronger than humans. Entering the contest, a human finds he has to battle against not just his opponents and his self-doubts, but the corrupt system. Far in the future, on a distant space station, the legendary Arena is where the best fighters from every planet come to vie for the championship. But for over half a century, no Earthling has been good enough to be a contender. Until out of nowhere, comes an underdog: the great human hope, Steve Armstrong... and the best anyone's ever seen. He's been training all his life for a shot at the big time, but now he's up against some mighty big muscle: a ruthless extra-terrestrial crimelord who'll pull no punches to make sure he stops Steve dead. In the mood for hard-hitting sci-fi action? Arena will knock you out!",1989,PG-13,,,5.2,2461,
Future Kick,tt0101931,Future Kick,,,72.0,2.591,"On Earth in the future Don ""The Dragon"" Wilson takes on a sinister corporation that trades in black market human body parts. He single handedly manages to restore law and order in a motion picture tour de force guaranteed to thrill science fiction and martial arts fans alike.",1991,R,,,3.9,481,
Galaxina,tt0080771,Galaxina,5500000.0,4865000.0,95.0,7.082,"Galaxina is a lifelike, voluptuous android who is assigned to oversee the operations of an intergalactic Space Police cruiser captained by incompetent Cornelius Butt. When a mission requires the ship's crew to be placed in suspended animation for decades, Galaxina finds herself alone for many years, developing emotions and falling in love with the ship's pilot, Thor.",1980,R,1 win & 1 nomination,,3.6,3066,17.0
Star Slammer,tt0087945,Star Slammer,,,86.0,2.573,"Two women who have been unjustly confined to a prison planet plot their escape, all the while having to put up with lesbian guards, crazed wardens and mutant rodents.",1986,R,,,3.6,1076,
Jack Frost,tt0116671,Jack Frost,,,89.0,9.185,"As a notorious serial killer is being driven to his execution, the truck carrying him encounters a bizarre accident that transforms him into a mutant snowman. The sheriff who originally caught the psychopath has remained concerned about his return, and it seems that his fears were well-founded. Before long, bodies pile up, all killed in gruesome wintry ways. Can the sheriff stop the murderer's icy reign of terror?",1997,R,,,4.6,8410,6.0
Santa with Muscles,tt0117550,Santa with Muscles,,,93.0,6.063,"Penurious but muscle-bound Blake Thorne has made a vast fortune marketing health food and health supplements. He once was a nice fellow, but as his wealth increases, he becomes increasingly self-centered and decadent. One day, he gets in a great paint-gun fight that goes too far. Blake escapes the cops by running into a shopping mall, quickly donning a Santa Suit and pretending to be St. Nick. A head injury causes Blake to suffer amnesia, and an opportunistic ""elf"" decides to convince Blake that he is indeed Santa. This leads ""Santa"" to help save an orphanage, filled with adorable moppets, from the machinations of a greedy, insane doctor.",1996,PG,,,2.5,9077,
Elves,tt0099496,Elves,,,89.0,5.841,"A young woman discovers that she is the focus of an evil nazi experiment involving selective breeding and summoned elves, an attempt to create a race of supermen. She and two of her friends are trapped in a department store with an elf, and only Dan Haggerty, as the renegade loose-cannon Santa Claus, can save them.",1989,PG-13,,,4.1,1515,
Neon Maniacs,tt0127045,Neon Maniacs,1500000.0,,91.0,3.725,"A group of teenagers in San Francisco discover a nest of homicidal monsters living in a tower of the Golden Gate Bridge, but when they try to tell authorities, no one believes them.",1986,R,,,5.0,2642,
Dark Night of the Scarecrow,tt0082235,Dark Night of the Scarecrow,,,96.0,10.393,"Bubba, an intellectually disabled man, is falsely accused of attacking a young girl. Disguised as a scarecrow, he hides in a cornfield, only to be hunted down and shot by four vigilante men. After they are acquitted due to lack of evidence, the men find themselves being stalked one by one.",1981,Not Rated,1 nomination,,6.7,6291,50.0
Prom Night,tt0081383,Prom Night,1500000.0,14796236.0,92.0,10.396,"At a high school senior prom, a masked killer stalks four teenagers who were responsible for the accidental death of a classmate six years previously",1980,R,2 nominations,45.0,5.3,18062,48.0
Cheerleader Camp,tt0092744,Cheerleader Camp,,,89.0,6.79,"A cheerleader named Alison is plagued by nightmares about the upcoming all-state finals and attends a summer training camp with her teammates. When a number of deaths start occurring at the camp, Alison's nightmares turn twisted and brutal, and she begins to believe that she may be responsible for the mayhem.",1988,R,,,4.6,3617,
Tuff Turf,tt0090213,Tuff Turf,,,112.0,11.123,"The new guy in a Los Angeles high school, Morgan, does some singing and fights hotshot Nick over disco dancer Frankie.",1985,R,1 win,37.0,6.0,5099,17.0
Class of Nuke 'Em High,tt0090849,Class of Nuke 'Em High,2000000.0,,86.0,7.838,The pupils at a high school next to a nuclear power plant start acting and looking strange after buying contaminated drugs from a plant worker.,1986,R,,,5.6,8584,20.0
Class of 1984,tt0083739,Class of 1984,4300000.0,,98.0,7.933,"Andy is a new teacher at an inner city high school that is unlike any he has seen before. There are metal detectors at the front door and the place is basically run by a tough kid named Peter Stegman. Soon, Andy and Stegman become enemies and Stegman will stop at nothing to protect his turf and drug dealing business.",1982,R,2 nominations,49.0,6.5,11808,71.0
Exterminators of the Year 3000,tt0085514,Gli sterminatori dell'anno 3000,,606694.0,90.0,1.844,"It's the year 3000 and a nuclear war has turned the earth into a desert wasteland. A group of survivors living in a cave run out of water and desperately need to locate a new supply. The last guy they sent out to find water never returned, and now his 10 year old son Timmy wants to join the next search team. They think they know where there's an untapped well of water, but to get there they have to travel through dangerous terrain controlled by a savage gang of motorcyclists under the bloodthirsty reign of 'Crazy Bull'. On their mission, Timmy and his team run into a lonesome stranger named Alien (Robert Iannucci) who may be able to help them against the marauding motorcyclists. Can the struggling survivors looking for water in this barren world defeat Crazy Bull and his exterminating minions? Hang on tight - the battle has just begun!",1983,R,,,5.1,1185,
1990: The Bronx Warriors,tt0085124,1990: I guerrieri del Bronx,,,89.0,4.556,In post-apocalyptic New York City a policeman infiltrates the Bronx which has become a battleground for several murderous street gangs.,1982,R,,,5.2,3499,
Endgame,tt0089091,Endgame - Bronx lotta finale,,,98.0,2.394,A telepathic mutant recruits a post World War III TV game show warrior to lead her band of mutants to safety.,1983,TV-14,,,5.2,1157,
2019: After the Fall of New York,tt0085125,2019 - Dopo la caduta di New York,,,96.0,4.987,"After a nuclear war society breaks down into two groups, the evil Euraks, and the rebel Federation. A mercenary named Parsifal is hired by the Federation to infiltrate New York City, which is controlled by the Euraks, to rescue the only fertile woman left on Earth.",1983,R,,,5.5,3075,
Equalizer 2000,tt0091012,Equalizer 2000,,,85.0,4.035,"In a bleak, postnuclear future world, warring factions struggle to claim the Equalizer 2000, the one weapon powerful enough to guarantee survival.",1987,R,,,4.0,635,
Hands of Steel,tt0091166,Vendetta dal futuro,,,94.0,5.566,A story about a cyborg who is programmed to kill a scientist who holds the fate of mankind in his hands.,1986,R,,,5.3,2576,
Bloodsport,tt0092675,Bloodsport,1500000.0,65000000.0,92.0,30.577,"U.S. soldier Frank Dux has come to Hong Kong to be accepted into the Kumite, a highly secret and extremely violent martial arts competition. While trying to gain access into the underground world of clandestine fighters, he also has to avoid military officers who consider him to be AWOL. After enduring a difficult training and beginning a romance with journalist Janice Kent, Frank is given the opportunity to fight. But can he survive?",1988,R,1 nomination,29.0,6.8,84689,46.0
"No Retreat, No Surrender",tt0089695,"No Retreat, No Surrender",,4662137.0,85.0,22.826,"Young Jason Stillwell moves with his parents to Seattle, where local bullies harass them without mercy. Jason's father Tom does not believe in violence, so the family takes it on the chin. One day Jason enrolls in a martial arts class and quietly rises in rank to be a major contender. His mettle is tested in an international match against Ivan, a Russian champion.",1985,PG,,30.0,5.6,17211,80.0
Thunder,tt0086434,Thunder,,,86.0,1.4,"A native America named Thunder returns home only to find that his ancestral burial ground is being destroyed by construction workers. He tries to put a stop to it, but the law is not only not on his side, but he is banished from town, beaten up, and left for dead. Now he wants his revenge...",1983,R,,,5.2,522,
Miami Connection,tt0092549,Miami Connection,,,86.0,5.036,"In a world where ninjas dream of being rock stars and rock stars dream of being ninjas, a martial arts rock band goes up against a band of motorcycle ninjas who have tightened their grip on Florida's narcotics trade.",1987,R,,56.0,5.6,5745,65.0
Robowar,tt0096000,Robowar - Robot da guerra,,,92.0,2.228,A group of commandos heads into the jungles of Venezuela on a highly classified mission and encounters a robotic killing machine.,1988,TV-14,,,4.3,1139,
Frankenhooker,tt0099611,Frankenhooker,2500000.0,205068.0,85.0,11.039,"A medical school dropout loses his fiancée in a tragic lawnmower incident and decides to bring her back to life. Unfortunately, he was only able to save her head, so he goes to the red light district in the city and lures prostitutes into a hotel room so he can collect body parts to reassemble her.",1990,R,,,6.2,11066,57.0
Ninja Terminator,tt0199849,Ninja Terminator,,,92.0,3.106,"Three martial-arts students search for the Golden Ninja Warrior, a statue reputed to have magic powers.",1986,Not Rated,,,4.4,1266,
Never Too Young to Die,tt0091621,Never Too Young to Die,,,92.0,3.08,"Secret agent Drew Stargrove is brutally murdered by the ruthless hermaphrodite gang leader Velvet Von Ragnar. The murdered secret agent's son, Lance Stargrove is thrust into the dangerous and intriguing world of secret agents and espionage when he seeks revenge. Danja Deerling teams up with Lance as his sidekick and love interest.",1986,R,,,4.8,1865,
Dr. Caligari,tt0097228,Dr. Caligari,,,80.0,3.658,"Mrs. Van Houten has shown signs of losing touch with reality, and her husband discusses possible treatment with Dr. Caligari, who says Mrs. Van Houten has a disease of the libido.",1989,R,,,6.0,1158,
Yeti: The Giant of the 20th Century,tt0076937,Yeti: Il Gigante del 20° Secolo,,,96.0,2.48,Professor Wassermann is asked by industry magnate Morgan Hunnicut to lead an expedition to study the giant Yeti creature found frozen in a large ice block on Newfoundland's coast. The professor does not know that Hunnicut intends to use the prehistoric creature as a trademark of its multinational industrial group. A very big mistake.,1977,Not Rated,,,4.3,566,
Rambu,tt0311340,The Intruder,,,88.0,0.794,"They've beaten and tortured him. They've raped and killed his woman. But they've made one big mistake. They didn't kill him. Alex Trambuan, known to his friends as Rambu, is a lone vigilante and former police officer who takes revenge on the entire Columbian drug cartel that killed his wife. There can be only one winner in this game of death, his name is Rambu, this is his private war and this city will never forget his legacy of vengeance.",1985,,,,5.5,253,
Lambada,tt0099969,Lambada,,4263112.0,104.0,3.319,"Kevin Laird is a Beverly Hills school teacher by day and a mystery man by night. Using his lambada dance moves to first earn the kid's respect and acceptance, Kevin then teaches them academics. But when a jealous student exposes Kevin's double life, his two worlds collide, threatening his job and reputation.",1990,PG,,,3.4,1121,
